[
  {
    "icon": "fa fa-home",
    "slug": "external",
    "title": "Volver al inicio",
    "path": "index.html"
  },  
  { 
    "id": 1,
    "icon": "fa fa-play-circle",
    "slug": "Introduccion",
    "title": "Introducción",
    "breadcrumb": ["Inicio","Introducción"],
    "path": "pages/intro.html"
  },  
  { 
    "id": 2,
    "icon": "fa fa-file-text-o",
    "slug": "celular",
    "title": "1. Referente celular",
    "breadcrumb": ["Inicio","tema 1"],
    "path": "pages/1-tema.html",    
    "submenu": [
      {
        "icon": "fa fa-file-text-o",
        "slug": "celular",
        "title": "1.1 Teoría celular moderna",
        "anchor": "11"
      },   
      {
        "icon": "fa fa-file-text-o",
        "slug": "celular",
        "title": "1.2 Clasificación de las células",
        "anchor": "12"
      },{
        "icon": "fa fa-file-text-o",
        "slug": "celular",
        "title": "1.3 Organelos celulares",
        "anchor": "13"
      },   
      {
        "icon": "fa fa-file-text-o",
        "slug": "celular",
        "title": "1.4 Niveles de organización de los Seres vivos",
        "anchor": "14"
      },
      {
       "icon": "fa fa-question-circle",
       "slug": "actividad-1",
       "title": "Actividad didáctica: centro de comunicaciones",
       "path": "pages/actividad-1.html"
     }
    ] 
   },

  {
    "id": 3,
    "icon": "fa fa-file-text-o",
    "slug": "organismico",
    "title": "2. Referente organísmico",
    "breadcrumb": ["Inicio","Tema 2"],
    "path": "pages/2-tema.html",    
    "submenu": [
      {
        "icon": "fa fa-file-text-o",
        "slug": "organismico",
        "title": "2.1 Funciones vitales",
        "anchor": "21"
      },
      {
       "icon": "fa fa-question-circle",
       "slug": "actividad-2",
       "title": "Actividad didáctica: good food",
       "path": "pages/actividad-2.html"
      },
      {
        "icon": "fa fa-question-circle",
        "slug": "actividad-3",
        "title": "Actividad didáctica: fiesta de los seres vivos",
        "path": "pages/actividad-3.html"
      },
      {
      "icon": "fa fa-question-circle",
      "slug": "actividad-4",
      "title": "Actividad didáctica: circulando ando",
      "path": "pages/actividad-4.html"
      },         
      {
        "icon": "fa fa-file-text-o",
        "slug": "organismico",
        "title": "2.2 Funciones de relación",
        "anchor": "22"
      },
      {
        "icon": "fa fa-file-text-o",
        "slug": "organismico",
        "title": "2.3 La reproducción",
        "anchor": "23"
      }
    ]  
  },

  {
    "id": 4,
    "icon": "fa fa-file-text-o",
    "slug": "ecosistemico",
    "title": "3. Referente ecosistémico",
    "breadcrumb": ["Inicio","Tema 3"],
    "path": "pages/3-tema.html",    
    "submenu": [
      {
        "icon": "fa fa-file-text-o",
        "slug": "ecosistemico",
        "title": "3.1 Clasificación de los factores abióticos del medio ambiente físico",
        "anchor": "31"
      },   
      {
        "icon": "fa fa-file-text-o",
        "slug": "ecosistemico",
        "title": "3.2 Factores bióticos",
        "anchor": "32"
      },{
        "icon": "fa fa-file-text-o",
        "slug": "ecosistemico",
        "title": "3.3 Ciclos biogeoquímicos",
        "anchor": "33"
      }
    ]  
  }
  
]